1464253347272,Facebook,add_to_cart,Visitor-548011,Page-6,Chemin Du Soleil
1464253347272,Other,page_view,Visitor-18032,Page-6,Advanced hand Sanitizer-travel size
1464253347272,Twitter,page_view,Visitor-694498,Page-1,David's Tea
1464253347272,Google,page_view,Visitor-6947731,Page-3,Rotini
1464253347272,Yahoo,add_to_cart,Visitor-32445,Page-6,Chemin Du Soleil
1464253347272,Other,page_view,Visitor-18032,Page-14,Advanced hand Sanitizer-travel size
1464253347272,Twitter,page_view,Visitor-6944898,Page-9,David's Tea
1464253347272,Google,page_view,Visitor-694474878,Page-2,Rotini